sample_id,group,condition,batch,time_h,dose_uM,value
S00278,TreatA,WT,B1,2,0.1,0.40590615311248573
S00233,Ctrl,KO,B1,1,3.0,0.928114148253523
S00026,Ctrl,WT,B2,2,0.3,1.389237319970098
S00205,Ctrl,KO,B1,2,0.0,0.7221336134602173
S00802,TreatC,WT,B3,0,0.3,1.7496399354740158
S00257,TreatA,WT,B2,1,3.0,1.543154590602818
S00923,TreatC,KO,B1,0,3.0,1.3401235300735794
S00154,Ctrl,KO,B1,4,0.0,0.31445372186828446
S00813,TreatC,WT,B1,8,3.0,2.1244128252743932
S00907,TreatC,KO,B3,0,0.3,1.5772627559657755
S00947,TreatC,KO,B3,2,0.1,1.055930659012422
S00934,TreatC,KO,B2,1,0.0,3.4016661467721256
S00730,TreatC,WT,B1,1,1.0,1.9442609379197426
S00223,Ctrl,KO,B1,8,0.1,0.9740537741607921
S00959,TreatC,KO,B1,2,3.0,2.6443641389542183
S00771,TreatC,WT,B1,0,0.0,1.1090734494741352
S00912,TreatC,KO,B3,1,0.1,1.612845811000975
S00563,TreatB,WT,B3,0,0.1,1.2122885849326628
S00245,TreatA,WT,B1,4,0.1,-0.24925675528599667
S00642,TreatB,KO,B1,2,0.3,1.8999741930087066
S00410,TreatA,KO,B1,2,0.1,0.8864109690230314
S00872,TreatC,KO,B2,8,3.0,2.1375884689651494
S00373,TreatA,KO,B2,1,0.1,1.3312008827040982
S00095,Ctrl,WT,B2,8,0.0,0.6123563019454921
S00298,TreatA,WT,B1,2,3.0,0.9968909410151642
S00420,TreatA,KO,B2,0,0.0,1.2133110567684424
S00868,TreatC,KO,B3,0,0.3,2.0282699877769397
S00695,TreatB,KO,B1,1,0.3,0.7161914675874294
S00014,Ctrl,WT,B1,1,0.0,0.36276139468263835
S00526,TreatB,WT,B2,8,0.3,1.479766501792354
S00464,TreatA,KO,B3,8,0.0,0.6929899860664577
S00890,TreatC,KO,B2,8,1.0,2.5983700720279654
S00169,Ctrl,KO,B2,4,0.0,1.1738116404140786
S00229,Ctrl,KO,B1,0,3.0,1.3671524458338886
S00035,Ctrl,WT,B2,2,3.0,0.305639158301703
S00936,TreatC,KO,B1,8,0.0,0.1700540437123934
S00126,Ctrl,KO,B3,2,1.0,1.2688794875842018
S00860,TreatC,KO,B1,4,0.1,1.4438186856118174
S00693,TreatB,KO,B2,0,1.0,2.0366498638946315
S00754,TreatC,WT,B2,2,0.1,2.423206948575984
S00054,Ctrl,WT,B2,4,0.1,-0.6130160332616893
S00243,TreatA,WT,B1,8,3.0,1.9193124695724202
S00865,TreatC,KO,B2,2,0.0,2.1259476640619206
S00620,TreatB,KO,B2,2,0.1,2.267265403851944
S00172,Ctrl,KO,B3,2,0.3,-0.16743144349797
S00486,TreatB,WT,B1,4,0.1,2.4088894163852492
S00674,TreatB,KO,B1,4,0.0,1.6166556002647188
S00787,TreatC,WT,B3,1,0.0,1.4513827376862918
S00570,TreatB,WT,B2,0,1.0,1.0174207697226665
S00460,TreatA,KO,B1,2,1.0,1.937602037546001
S00683,TreatB,KO,B1,2,0.0,0.8275389236306114
S00515,TreatB,WT,B1,0,1.0,1.3056849806199942
S00309,TreatA,WT,B1,0,3.0,0.66630875134003
S00745,TreatC,WT,B2,2,0.1,1.5500394616629642
S00319,TreatA,WT,B2,2,0.1,-0.40695143073767903
S00061,Ctrl,WT,B1,2,1.0,0.7273125110896039
S00690,TreatB,KO,B2,2,0.3,1.3724195623158968
S00578,TreatB,WT,B1,2,0.0,0.9272886098028899
S00100,Ctrl,WT,B3,2,0.1,0.4030507771705174
S00443,TreatA,KO,B1,8,3.0,1.0903905619607936
S00160,Ctrl,KO,B2,8,0.1,0.7117177941713068
S00376,TreatA,KO,B1,1,1.0,0.7568255863167586
S00025,Ctrl,WT,B1,0,0.0,-0.9158980252229696
S00206,Ctrl,KO,B3,2,1.0,0.8193041730646062
S00389,TreatA,KO,B1,0,3.0,1.7539869233943155
S00099,Ctrl,WT,B1,0,1.0,0.13001933181525918
S00654,TreatB,KO,B3,0,0.0,1.4281491739821284
S00493,TreatB,WT,B3,2,1.0,0.8375725859142509
S00697,TreatB,KO,B2,8,3.0,3.006216388239289
S00109,Ctrl,WT,B3,0,0.3,0.01892415288380086
S00165,Ctrl,KO,B1,0,0.0,0.24201800160779585
S00421,TreatA,KO,B2,1,0.1,0.4480639445795872
S00879,TreatC,KO,B1,2,0.0,2.0682845691637355
S00027,Ctrl,WT,B1,2,1.0,0.614729723675385
S00581,TreatB,WT,B3,8,1.0,1.1409774114900533
S00047,Ctrl,WT,B1,0,0.0,0.009999700737515781
S00749,TreatC,WT,B2,8,0.3,1.032717545106478
S00933,TreatC,KO,B2,1,1.0,1.9979160754810201
S00710,TreatB,KO,B1,2,1.0,1.573557616659441
S00769,TreatC,WT,B1,4,1.0,2.334935641420991
S00171,Ctrl,KO,B1,4,0.0,0.5313490518410623
S00366,TreatA,KO,B3,1,0.0,-0.0068083882837999266
S00658,TreatB,KO,B1,1,0.1,1.2473531905924635
S00692,TreatB,KO,B3,1,1.0,0.8331361323227685
S00331,TreatA,WT,B1,2,0.3,1.3607365623799303
S00111,Ctrl,WT,B1,8,0.0,-0.5124393011159167
S00397,TreatA,KO,B1,4,0.0,1.9186624193182582
S00064,Ctrl,WT,B1,1,0.3,0.7967615619489481
S00238,Ctrl,KO,B2,1,1.0,0.816835991232884
S00527,TreatB,WT,B1,0,3.0,2.6480790511551113
S00141,Ctrl,KO,B2,0,0.1,0.360077967794018
S00474,TreatA,KO,B3,2,0.0,0.8815804340530686
S00348,TreatA,WT,B3,1,1.0,1.0222145836963341
S00744,TreatC,WT,B1,0,0.3,2.188286579893905
S00572,TreatB,WT,B3,1,3.0,1.9193655230806765
S00883,TreatC,KO,B1,2,0.1,1.4957042501962161
S00254,TreatA,WT,B1,1,0.3,0.5844425245602058
S00631,TreatB,KO,B3,0,3.0,5.663497117266893
S00675,TreatB,KO,B1,2,1.0,2.144791039587236
S00789,TreatC,WT,B3,8,1.0,2.476914325501194
S00396,TreatA,KO,B3,1,0.0,0.2967037983132419
S00466,TreatA,KO,B2,8,0.3,1.2721550788379108
S00753,TreatC,WT,B3,2,0.1,1.3126060484648923
S00010,Ctrl,WT,B1,8,0.0,0.1255120888740257
S00718,TreatB,KO,B1,4,1.0,1.5164510824445108
S00450,TreatA,KO,B2,1,0.1,0.6288245982057905
S00058,Ctrl,WT,B3,1,1.0,-0.13855230628495013
S00147,Ctrl,KO,B3,8,0.3,0.2812543195765906
S00221,Ctrl,KO,B1,1,0.0,-0.3781418136272201
S00864,TreatC,KO,B2,2,0.1,0.6844163170292692
S00877,TreatC,KO,B3,0,3.0,1.9031362372187073
S00919,TreatC,KO,B3,0,0.3,1.8769996885979496
S00714,TreatB,KO,B1,1,0.3,0.8438940356347094
S00772,TreatC,WT,B1,0,0.0,1.302337509935691
S00297,TreatA,WT,B1,2,0.3,0.3382084547458668
S00286,TreatA,WT,B2,1,0.0,1.5160347451443341
S00062,Ctrl,WT,B1,0,1.0,0.824541145590205
S00914,TreatC,KO,B2,1,0.1,2.082139475000772
S00617,TreatB,KO,B2,1,1.0,1.7271519388836991
S00808,TreatC,WT,B1,1,0.3,0.6208390564016006
S00777,TreatC,WT,B2,0,0.1,3.0973721176962705
S00531,TreatB,WT,B1,8,1.0,2.7592566812376917
S00285,TreatA,WT,B3,2,0.3,0.6616128757954117
S00612,TreatB,KO,B3,8,1.0,1.758257142719257
S00684,TreatB,KO,B3,0,0.0,1.2864453841307975
S00260,TreatA,WT,B3,0,0.0,-0.25896327420005627
S00404,TreatA,KO,B2,4,1.0,2.6933701806423813
S00481,TreatB,WT,B1,2,3.0,1.756717268862355
S00960,TreatC,KO,B2,0,0.3,2.932010454505428
S00504,TreatB,WT,B2,2,1.0,1.5453491035421933
S00110,Ctrl,WT,B2,0,0.3,-0.1708925274161452
S00295,TreatA,WT,B2,0,0.3,0.4401513577899464
S00747,TreatC,WT,B1,4,1.0,2.0463150854313747
S00949,TreatC,KO,B2,0,3.0,2.141550340778536
S00701,TreatB,KO,B1,2,0.1,1.0975066802260776
S00579,TreatB,WT,B3,4,0.1,1.164355813832935
S00665,TreatB,KO,B2,1,0.0,2.066405266921545
S00957,TreatC,KO,B1,0,0.3,3.080682215427844
S00927,TreatC,KO,B1,1,0.3,2.303019558859853
S00706,TreatB,KO,B3,1,0.0,1.1649395462931356
S00149,Ctrl,KO,B1,2,0.0,-0.1295028022468488
S00129,Ctrl,KO,B3,2,0.0,-0.05368858349846645
S00557,TreatB,WT,B1,4,1.0,1.2257570355119387
S00541,TreatB,WT,B3,2,0.1,2.5639447632482355
S00633,TreatB,KO,B2,1,0.0,1.8728371948531997
S00362,TreatA,KO,B1,8,3.0,1.7520628194799168
S00875,TreatC,KO,B1,0,3.0,2.2265662320757733
S00438,TreatA,KO,B1,0,0.3,1.2383154055704906
S00733,TreatC,WT,B1,0,0.3,1.8181677684162783
S00944,TreatC,KO,B1,0,0.0,1.2703218799442169
S00928,TreatC,KO,B1,8,0.1,1.7944106006701557
S00424,TreatA,KO,B1,8,0.0,0.6323256760208891
S00300,TreatA,WT,B1,1,0.0,-0.5042627820834724
S00135,Ctrl,KO,B3,2,3.0,0.7376835016060953
S00709,TreatB,KO,B3,8,3.0,2.226379694739721
S00913,TreatC,KO,B2,1,0.1,2.0007830249267315
S00678,TreatB,KO,B2,8,0.3,2.4009407521642956
S00833,TreatC,WT,B2,1,3.0,2.5801033678796426
S00049,Ctrl,WT,B2,0,1.0,0.3916659798408728
S00075,Ctrl,WT,B3,4,0.1,0.18344519380962404
S00751,TreatC,WT,B1,8,0.3,0.6983159822269329
S00529,TreatB,WT,B2,1,0.3,0.7769047400287342
S00467,TreatA,KO,B3,4,3.0,1.3898421253329254
S00832,TreatC,WT,B3,1,0.0,1.7783549474059435
S00272,TreatA,WT,B1,2,0.0,1.6781011735221556
S00681,TreatB,KO,B1,2,3.0,2.3853978218909666
S00455,TreatA,KO,B2,4,1.0,0.7928107378789854
S00432,TreatA,KO,B2,8,3.0,1.3628107980932513
S00735,TreatC,WT,B2,0,1.0,1.3767788644419159
S00356,TreatA,WT,B3,4,1.0,1.776370446260072
S00098,Ctrl,WT,B2,8,1.0,1.118900795016663
S00566,TreatB,WT,B2,4,1.0,1.2255512936336497
S00535,TreatB,WT,B2,1,1.0,0.9516615061034768
S00755,TreatC,WT,B1,0,0.1,0.5991740293336343
S00128,Ctrl,KO,B2,4,0.0,0.18898900027058418
S00345,TreatA,WT,B3,4,0.3,0.9861945295974166
S00687,TreatB,KO,B3,2,0.0,0.8625144970685719
S00514,TreatB,WT,B1,2,0.0,1.2688244014842998
S00415,TreatA,KO,B3,2,0.0,0.45292533270841534
S00081,Ctrl,WT,B1,4,1.0,0.08697038798691703
S00159,Ctrl,KO,B3,2,0.1,0.37752449655186343
S00385,TreatA,KO,B1,1,0.1,1.46873450355759
S00591,TreatB,WT,B1,4,0.1,1.2304974987168715
S00900,TreatC,KO,B2,4,1.0,1.5287402803168033
S00485,TreatB,WT,B3,2,3.0,1.4625665490767137
S00700,TreatB,KO,B2,1,0.1,0.9985818507466075
S00846,TreatC,KO,B1,0,0.3,1.855705179082716
S00953,TreatC,KO,B2,2,0.1,2.555132729715706
S00601,TreatB,KO,B3,4,3.0,2.0156365914149026
S00663,TreatB,KO,B1,8,0.1,1.1900719973292353
S00770,TreatC,WT,B2,1,0.3,1.6181702272395397
S00180,Ctrl,KO,B2,2,0.0,1.357204843810596
S00427,TreatA,KO,B2,2,1.0,1.9079034265352603
S00725,TreatC,WT,B2,1,0.0,1.3788618017862868
S00628,TreatB,KO,B1,4,1.0,2.1360320487682345
S00509,TreatB,WT,B2,4,0.0,0.7363232156520975
S00488,TreatB,WT,B1,1,1.0,1.547061889802441
S00721,TreatC,WT,B2,8,1.0,1.596662604305152
S00840,TreatC,WT,B2,2,0.1,1.0336624103166416
S00340,TreatA,WT,B2,0,0.1,1.095026403848176
S00677,TreatB,KO,B2,8,1.0,3.314955647378953
S00327,TreatA,WT,B1,4,1.0,0.7487873572235508
S00653,TreatB,KO,B1,1,0.3,2.5290266511252426
S00361,TreatA,KO,B3,1,0.0,0.2054034685981322
S00358,TreatA,WT,B3,0,1.0,0.27954357258924
S00610,TreatB,KO,B3,4,0.0,1.8302133977329518
S00703,TreatB,KO,B1,4,1.0,1.6498724179058952
S00016,Ctrl,WT,B2,4,0.0,-0.25548250453783494
S00284,TreatA,WT,B3,0,0.0,0.693940189744897
S00271,TreatA,WT,B3,2,0.0,-0.5942913351104618
S00363,TreatA,KO,B2,1,0.0,1.9264703775918854
S00492,TreatB,WT,B2,8,3.0,1.7705094402093755
S00762,TreatC,WT,B1,8,0.1,2.0451715353320066
S00815,TreatC,WT,B3,1,3.0,2.1932058163594688
S00335,TreatA,WT,B1,4,0.1,1.3731794008902765
S00951,TreatC,KO,B2,1,0.0,1.1910889270616791
S00943,TreatC,KO,B2,8,1.0,3.5843850591304465
S00173,Ctrl,KO,B1,0,0.1,
S00659,TreatB,KO,B2,2,0.3,1.9495077595754744
S00148,Ctrl,KO,B2,2,3.0,1.8810432872406424
S00187,Ctrl,KO,B3,0,3.0,0.9106826924623885
S00564,TreatB,WT,B3,0,0.1,2.3474855599485585
S00748,TreatC,WT,B3,1,3.0,1.6689753926679745
S00325,TreatA,WT,B2,8,0.1,1.7171090526556871
S00290,TreatA,WT,B2,2,1.0,0.7388784433087848
S00317,TreatA,WT,B3,0,0.3,0.4502944496996093
S00139,Ctrl,KO,B1,1,3.0,0.7906553285255203
S00055,Ctrl,WT,B3,0,1.0,0.2223254031429741
S00888,TreatC,KO,B1,0,0.3,2.192984275670773
S00217,Ctrl,KO,B1,2,0.0,-0.08827279801985949
S00614,TreatB,KO,B1,4,1.0,1.3144543905791752
S00052,Ctrl,WT,B1,4,3.0,1.3033242164738101
S00827,TreatC,WT,B2,4,0.1,1.5128563208801025
S00881,TreatC,KO,B1,1,0.0,1.7297585811449576
S00352,TreatA,WT,B2,1,1.0,-0.050678276573443704
S00023,Ctrl,WT,B1,0,3.0,0.8073401809289948
S00873,TreatC,KO,B2,4,1.0,1.2440764329102323
S00306,TreatA,WT,B1,8,0.3,1.027983216197045
S00940,TreatC,KO,B2,4,3.0,
S00603,TreatB,KO,B1,8,0.1,2.374588269538852
S00942,TreatC,KO,B1,8,0.0,1.2838624568024943
S00114,Ctrl,WT,B2,2,0.3,0.30935468016771234
S00324,TreatA,WT,B1,8,1.0,1.255994270320809
S00505,TreatB,WT,B2,0,0.3,2.128322513999809
S00519,TreatB,WT,B1,1,0.0,1.117154379826007
S00532,TreatB,WT,B2,8,0.3,1.3819331422656986
S00210,Ctrl,KO,B1,4,0.0,
S00720,TreatB,KO,B1,4,0.0,0.7610055179950969
S00652,TreatB,KO,B3,1,3.0,1.6541098721035352
S00143,Ctrl,KO,B3,0,3.0,0.6398116942230441
S00051,Ctrl,WT,B2,2,0.0,0.6256643677405909
S00759,TreatC,WT,B2,4,3.0,1.977529437773379
S00167,Ctrl,KO,B2,8,0.1,0.3181610563313513
S00740,TreatC,WT,B1,2,0.0,1.723023105622767
S00596,TreatB,WT,B1,2,0.3,1.4773535350106721
S00500,TreatB,WT,B3,4,0.3,0.8661118797939114
S00082,Ctrl,WT,B1,0,3.0,0.3654504028819586
S00543,TreatB,WT,B1,8,0.1,2.1921953395821454
S00661,TreatB,KO,B2,4,0.1,0.7623685323397354
S00867,TreatC,KO,B1,1,0.0,2.4547969699077896
S00067,Ctrl,WT,B1,8,0.1,-0.23579265654575926
S00378,TreatA,KO,B3,2,0.1,1.1452479085710037
S00895,TreatC,KO,B1,1,0.3,0.8996232752970943
S00512,TreatB,WT,B3,4,0.0,0.34751068605114366
S00388,TreatA,KO,B2,1,3.0,2.2892908419843043
S00553,TreatB,WT,B3,1,0.0,0.7932965474081404
S00065,Ctrl,WT,B3,2,0.1,0.5543850748888007
S00621,TreatB,KO,B1,2,0.3,1.7367498817582632
S00265,TreatA,WT,B2,4,1.0,1.1605753736840685
S00501,TreatB,WT,B2,4,0.1,0.5981374846522467
S00686,TreatB,KO,B1,1,1.0,1.579266162834661
S00918,TreatC,KO,B1,8,1.0,1.729244357769284
S00021,Ctrl,WT,B3,2,0.0,-0.06645771719545604
S00452,TreatA,KO,B1,4,0.3,1.435667869623951
S00737,TreatC,WT,B3,2,0.0,1.234994938321371
S00669,TreatB,KO,B1,2,0.0,1.5837203057489861
S00627,TreatB,KO,B2,4,0.0,1.1682645852437117
S00506,TreatB,WT,B1,0,0.3,1.2933741745204876
S00262,TreatA,WT,B1,4,1.0,0.3067733440605823
S00626,TreatB,KO,B3,2,3.0,2.414470689316495
S00456,TreatA,KO,B2,8,0.1,1.5295976147323886
S00670,TreatB,KO,B1,0,0.0,0.8168915386047905
S00791,TreatC,WT,B1,1,0.0,1.155544478357088
S00189,Ctrl,KO,B1,1,0.0,-0.35178860144620383
S00252,TreatA,WT,B1,0,0.0,0.9039883623646285
S00072,Ctrl,WT,B1,1,0.3,0.731302027148266
S00398,TreatA,KO,B3,8,0.3,1.8369738892818557
S00351,TreatA,WT,B3,4,3.0,0.001689862900533079
S00645,TreatB,KO,B2,0,0.1,1.2406898361855994
S00853,TreatC,KO,B1,8,3.0,1.602382058845196
S00328,TreatA,WT,B1,4,0.0,0.950523174366637
S00597,TreatB,WT,B1,4,1.0,0.5543284962793836
S00893,TreatC,KO,B1,2,0.1,1.5946430581558408
S00448,TreatA,KO,B1,8,0.0,1.3834273746822254
S00624,TreatB,KO,B1,8,3.0,2.5611301183218727
S00657,TreatB,KO,B1,8,0.3,2.698495945046386
S00419,TreatA,KO,B1,4,1.0,1.2959705447902192
S00778,TreatC,WT,B1,8,1.0,1.9333000572831311
S00409,TreatA,KO,B1,1,0.1,1.7742510344697084
S00650,TreatB,KO,B3,2,3.0,1.4825464853946069
S00473,TreatA,KO,B1,2,1.0,1.0715245153670236
S00569,TreatB,WT,B2,1,1.0,1.016940143957199
S00446,TreatA,KO,B1,0,0.1,0.2560938385023671
S00400,TreatA,KO,B1,1,0.1,2.0586581245063202
S00219,Ctrl,KO,B2,1,1.0,0.7895942178263978
S00240,Ctrl,KO,B2,0,0.1,0.2676382160104881
S00490,TreatB,WT,B1,2,0.0,0.8862440653686117
S00796,TreatC,WT,B1,4,1.0,3.5424249170316706
S00193,Ctrl,KO,B3,8,0.1,1.5097485158471655
S00442,TreatA,KO,B1,8,3.0,2.820845899401535
S00192,Ctrl,KO,B1,2,1.0,0.5470270368251993
S00805,TreatC,WT,B1,0,0.0,1.0682101147185847
S00337,TreatA,WT,B1,1,0.0,0.8077039659737411
S00133,Ctrl,KO,B1,0,0.1,0.38132756981788396
S00499,TreatB,WT,B1,0,0.0,1.8654996386207006
S00253,TreatA,WT,B3,0,0.0,0.41475935550908516
S00644,TreatB,KO,B3,4,0.3,1.726583346660192
S00264,TreatA,WT,B3,1,0.3,0.18077473913709563
S00071,Ctrl,WT,B1,0,0.3,0.17865566402146552
S00273,TreatA,WT,B1,2,1.0,1.6065379671235362
S00472,TreatA,KO,B2,2,0.3,1.5398773146918048
S00116,Ctrl,WT,B2,1,1.0,0.4927380999208842
S00954,TreatC,KO,B1,1,0.1,2.251221628920131
S00855,TreatC,KO,B2,2,1.0,2.5742297821049425
S00329,TreatA,WT,B2,2,0.1,0.10826303593323339
S00595,TreatB,WT,B3,8,0.1,1.4671592463390168
S00876,TreatC,KO,B3,0,0.1,2.697491520001851
S00508,TreatB,WT,B1,2,0.0,0.5588922958219925
S00958,TreatC,KO,B1,2,3.0,2.0633308078917696
S00901,TreatC,KO,B1,1,3.0,2.4101218558058592
S00279,TreatA,WT,B2,8,0.0,2.006920174638127
S00622,TreatB,KO,B1,1,0.3,1.0693780627418201
S00003,Ctrl,WT,B3,2,0.1,0.20620827494832414
S00230,Ctrl,KO,B1,8,0.1,0.9165877123030275
S00390,TreatA,KO,B2,8,1.0,3.164533947487026
S00874,TreatC,KO,B3,0,1.0,0.42747188463549346
S00821,TreatC,WT,B1,8,0.3,1.2383069434901994
S00200,Ctrl,KO,B2,4,3.0,0.968725433438232
S00568,TreatB,WT,B1,0,0.3,0.7020769073008937
S00736,TreatC,WT,B2,4,3.0,0.3993252832077694
S00066,Ctrl,WT,B3,0,0.0,-0.08271988230009408
S00685,TreatB,KO,B3,0,1.0,1.9637113398331416
S00510,TreatB,WT,B3,2,0.1,0.20402165018601304
S00713,TreatB,KO,B1,1,1.0,1.3102557152933896
S00707,TreatB,KO,B2,1,1.0,2.643425772618271
S00391,TreatA,KO,B2,8,0.3,1.3563457546977078
S00619,TreatB,KO,B3,4,3.0,3.0865188416109652
S00479,TreatA,KO,B1,4,0.3,1.2096510830919789
S00274,TreatA,WT,B1,2,0.0,-0.16086539215012763
S00667,TreatB,KO,B3,1,0.0,1.54702931187522
S00602,TreatB,KO,B1,1,3.0,1.6330672602186924
S00554,TreatB,WT,B3,2,0.0,1.3691528265025437
S00768,TreatC,WT,B2,8,0.1,2.393370912328497
S00178,Ctrl,KO,B3,0,0.3,1.317054131291578
S00301,TreatA,WT,B1,8,3.0,0.8540231992619267
S00038,Ctrl,WT,B3,1,1.0,0.11342816689015806
S00611,TreatB,KO,B2,4,3.0,2.3215741851210576
S00203,Ctrl,KO,B3,1,3.0,0.5216659428191277
S00237,Ctrl,KO,B2,8,0.3,1.3533093178211284
S00150,Ctrl,KO,B2,2,3.0,1.1440649075804206
S00218,Ctrl,KO,B1,0,0.0,0.8716611738714671
S00656,TreatB,KO,B2,0,0.0,2.110601398788538
S00368,TreatA,KO,B1,4,0.3,0.7889249680022934
S00899,TreatC,KO,B2,1,3.0,3.201117587207637
S00583,TreatB,WT,B1,0,1.0,2.119033615350996
S00372,TreatA,KO,B3,4,0.1,1.0906521969238898
S00303,TreatA,WT,B3,0,1.0,0.9252813840173462
S00820,TreatC,WT,B2,1,0.0,2.055269320599204
S00878,TreatC,KO,B3,4,0.1,1.7693070968249427
S00729,TreatC,WT,B2,2,0.1,2.165689032699584
S00885,TreatC,KO,B3,1,0.1,2.2950530757964396
S00447,TreatA,KO,B1,2,3.0,
S00511,TreatB,WT,B1,1,3.0,1.5186045411769222
S00894,TreatC,KO,B1,4,1.0,1.6772061437806278
S00353,TreatA,WT,B2,4,1.0,1.837864769824331
S00194,Ctrl,KO,B1,0,0.1,0.7263749579494059
S00236,Ctrl,KO,B3,8,0.0,0.5644135409393407
S00859,TreatC,KO,B3,1,0.3,1.6923321571885024
S00799,TreatC,WT,B3,8,1.0,2.0034803349102823
S00056,Ctrl,WT,B1,2,0.3,-0.20817207292085071
S00423,TreatA,KO,B1,0,0.1,0.8724792638315643
S00097,Ctrl,WT,B3,4,1.0,0.3860996485025869
S00142,Ctrl,KO,B1,2,0.1,0.6049759810619643
S00668,TreatB,KO,B2,8,3.0,2.355597580102248
S00935,TreatC,KO,B2,2,1.0,1.933624117372545
S00599,TreatB,WT,B2,1,0.3,0.8149439880006125
S00552,TreatB,WT,B2,0,0.3,0.9591478127645552
S00121,Ctrl,KO,B2,8,0.1,0.18803577297286533
S00571,TreatB,WT,B1,8,1.0,2.3670601682388615
S00468,TreatA,KO,B3,8,0.1,1.27447023354525
S00063,Ctrl,WT,B1,1,0.3,-0.6892988437833869
S00850,TreatC,KO,B2,8,0.0,3.5900342762607504
S00412,TreatA,KO,B2,4,0.0,0.7635297910620314
S00004,Ctrl,WT,B1,2,0.3,0.5419832755576051
S00059,Ctrl,WT,B3,0,0.0,0.0528901664381973
S00224,Ctrl,KO,B1,4,1.0,0.8530344772245884
S00588,TreatB,WT,B3,1,0.1,1.7029560938582122
S00102,Ctrl,WT,B2,4,0.1,0.16679166849708252
S00702,TreatB,KO,B2,8,0.1,1.6723046950564326
S00222,Ctrl,KO,B1,0,0.3,1.083718416240125
S00797,TreatC,WT,B3,4,1.0,1.5646244304200905
S00005,Ctrl,WT,B3,4,0.3,-0.4103290949505844
S00053,Ctrl,WT,B1,1,0.1,-0.3435836745165217
S00018,Ctrl,WT,B1,4,0.1,-0.7101137317009464
S00779,TreatC,WT,B3,0,0.0,1.6007129333929067
S00871,TreatC,KO,B2,0,3.0,0.7738686910086063
S00307,TreatA,WT,B3,1,3.0,0.7556803605521152
S00781,TreatC,WT,B2,0,0.0,1.1201842855432227
S00156,Ctrl,KO,B3,1,1.0,0.6037423466485364
S00436,TreatA,KO,B1,8,0.0,1.2130868278830513
S00814,TreatC,WT,B3,2,0.3,0.9160001538032257
S00249,TreatA,WT,B3,8,1.0,1.1789308687077225
S00250,TreatA,WT,B3,1,3.0,1.0478653848604857
S00359,TreatA,WT,B2,4,0.1,1.624217253145577
S00431,TreatA,KO,B1,1,0.1,1.0568523822928189
S00780,TreatC,WT,B2,0,0.3,2.254915942042873
S00811,TreatC,WT,B2,2,0.1,1.2053156402935354
S00031,Ctrl,WT,B2,4,0.3,-0.4790229438555198
S00807,TreatC,WT,B2,4,0.0,2.8251016141103467
S00922,TreatC,KO,B2,8,0.3,1.6340912020722365
S00118,Ctrl,WT,B1,1,3.0,-0.12398063179185825
S00494,TreatB,WT,B2,8,0.3,1.3962456363412459
S00117,Ctrl,WT,B3,4,0.1,-0.7263866133100464
S00483,TreatB,WT,B2,8,3.0,1.8315421378480148
S00636,TreatB,KO,B3,8,0.3,1.446069359732827
S00292,TreatA,WT,B1,8,0.3,0.9908759061732313
S00028,Ctrl,WT,B2,4,3.0,1.0192821901186724
S00382,TreatA,KO,B2,4,1.0,2.4053648759155157
S00308,TreatA,WT,B1,1,0.0,1.1263319567144083
S00837,TreatC,WT,B2,8,3.0,3.2356580653043188
S00834,TreatC,WT,B3,2,1.0,2.4040193443516307
S00201,Ctrl,KO,B3,2,1.0,0.7832736280661958
S00545,TreatB,WT,B2,8,0.3,1.435772559658021
S00386,TreatA,KO,B1,4,0.0,0.6081124171167889
S00682,TreatB,KO,B3,2,0.1,1.0707256609953237
S00869,TreatC,KO,B1,2,0.1,1.4689030055759795
S00866,TreatC,KO,B1,0,0.3,0.649371795964673
S00761,TreatC,WT,B1,2,3.0,3.3853823989796776
S00945,TreatC,KO,B2,0,0.0,3.498499156114476
S00315,TreatA,WT,B2,8,1.0,1.8590267651935721
S00454,TreatA,KO,B3,1,1.0,0.0658816415189889
S00281,TreatA,WT,B3,2,3.0,0.9841875818716392
S00908,TreatC,KO,B3,1,0.0,1.9314614624708464
S00354,TreatA,WT,B2,2,0.1,1.2276852789089148
S00615,TreatB,KO,B3,2,0.1,1.6010201825805734
S00208,Ctrl,KO,B3,1,0.1,0.4101468114980809
S00380,TreatA,KO,B1,0,3.0,0.9760321447359199
S00732,TreatC,WT,B2,2,0.1,1.3760120205609834
S00413,TreatA,KO,B2,1,0.1,1.279731579947209
S00758,TreatC,WT,B2,0,0.1,1.4358002966513879
S00024,Ctrl,WT,B2,1,1.0,0.7729585932723578
S00341,TreatA,WT,B2,8,0.1,0.8718457043683333
S00664,TreatB,KO,B2,8,0.3,2.0427300803347235
S00609,TreatB,KO,B2,0,0.3,1.0649521000518836
S00155,Ctrl,KO,B3,4,0.0,0.22806196603305495
S00822,TreatC,WT,B3,2,0.0,1.573870925223785
S00696,TreatB,KO,B1,0,0.3,1.1697775259902294
S00723,TreatC,WT,B2,2,0.1,1.8380587968459983
S00752,TreatC,WT,B1,1,3.0,3.3717896381444024
S00323,TreatA,WT,B2,2,1.0,0.6537097573829185
S00516,TreatB,WT,B2,4,0.3,
S00573,TreatB,WT,B3,0,1.0,0.9760956784467971
S00558,TreatB,WT,B2,1,1.0,0.8193167547407028
S00542,TreatB,WT,B1,4,1.0,1.6477357908954409
S00263,TreatA,WT,B1,2,0.3,1.1305489630661725
S00458,TreatA,KO,B3,0,3.0,2.3342028446929075
S00083,Ctrl,WT,B2,2,1.0,0.09574638623695453
S00816,TreatC,WT,B1,2,0.1,1.7850596696694951
S00408,TreatA,KO,B3,0,0.3,0.3725072667155538
S00453,TreatA,KO,B1,8,0.1,0.8922222982545978
S00465,TreatA,KO,B2,0,1.0,1.7060713285953477
S00924,TreatC,KO,B3,1,0.3,1.6686934140321223
S00524,TreatB,WT,B3,0,1.0,0.8003549611462644
S00039,Ctrl,WT,B2,4,3.0,0.616453675598788
S00418,TreatA,KO,B3,1,0.1,2.1166215249312197
S00164,Ctrl,KO,B2,8,0.1,0.9557846422388874
S00334,TreatA,WT,B2,4,0.3,1.465086448813001
S00011,Ctrl,WT,B3,2,1.0,0.3271368462094783
S00565,TreatB,WT,B2,4,3.0,1.7130824486601954
S00471,TreatA,KO,B1,1,1.0,1.9441289268563686
S00320,TreatA,WT,B2,1,0.0,0.9107508144225627
S00033,Ctrl,WT,B1,8,0.3,0.667531809098932
S00548,TreatB,WT,B2,1,0.0,0.04657088331144288
S00838,TreatC,WT,B2,1,0.0,0.21763986670616298
S00651,TreatB,KO,B1,8,0.1,1.6590167438133836
S00383,TreatA,KO,B1,8,0.3,2.0564928756588685
S00282,TreatA,WT,B3,0,1.0,1.199786189482134
S00774,TreatC,WT,B2,2,0.3,2.129810959025194
S00819,TreatC,WT,B2,4,0.0,
S00862,TreatC,KO,B1,1,0.3,1.7920330282992303
S00835,TreatC,WT,B1,2,0.0,1.0692666440404979
S00870,TreatC,KO,B3,0,0.1,1.0776522635785546
S00379,TreatA,KO,B2,8,0.1,1.7802480546148836
S00929,TreatC,KO,B1,0,0.0,1.378342976773965
S00823,TreatC,WT,B2,8,0.1,0.9614298861898602
S00090,Ctrl,WT,B1,4,0.1,0.2829794466269626
S00214,Ctrl,KO,B3,1,0.3,-0.20380556828027796
S00322,TreatA,WT,B1,2,3.0,1.4200694717945916
S00801,TreatC,WT,B3,8,0.0,1.2520018704094318
S00134,Ctrl,KO,B2,1,0.0,0.6679555125317743
S00347,TreatA,WT,B1,0,1.0,0.7256294949003902
S00044,Ctrl,WT,B1,0,0.1,-0.006586305640694276
S00008,Ctrl,WT,B2,2,0.3,0.16410786383610682
S00587,TreatB,WT,B1,8,0.0,1.3171297346910504
S00321,TreatA,WT,B2,1,1.0,2.1852949836737365
S00861,TreatC,KO,B3,0,1.0,1.9432597083402845
S00188,Ctrl,KO,B2,4,0.3,0.628828830315995
S00800,TreatC,WT,B3,0,1.0,1.9851921001301143
S00123,Ctrl,KO,B1,1,3.0,1.7707181625447002
S00041,Ctrl,WT,B3,8,0.0,-0.26752652212563527
S00305,TreatA,WT,B1,0,1.0,0.8277730313093524
S00032,Ctrl,WT,B1,1,0.1,0.49414574729416716
S00582,TreatB,WT,B1,4,0.0,0.815713398320882
S00241,TreatA,WT,B1,1,0.0,0.3946133686939654
S00694,TreatB,KO,B1,8,0.3,2.009679613158047
S00175,Ctrl,KO,B2,1,0.3,0.6844721767725764
S00246,TreatA,WT,B3,0,1.0,1.1953637940107926
S00057,Ctrl,WT,B1,4,0.3,0.4529007294374211
S00717,TreatB,KO,B1,8,0.0,3.1607873102385717
S00146,Ctrl,KO,B1,1,0.0,-0.734182067185339
S00091,Ctrl,WT,B1,2,0.3,0.322063407798591
S00393,TreatA,KO,B1,0,0.1,0.7656398037402894
S00311,TreatA,WT,B2,0,0.3,0.09760998364566875
S00360,TreatA,WT,B2,1,0.1,0.6846164898573626
S00094,Ctrl,WT,B1,8,0.0,0.10830541692989938
S00660,TreatB,KO,B1,8,0.0,1.2790294907187032
S00716,TreatB,KO,B2,4,0.0,1.722310541451221
S00377,TreatA,KO,B2,0,0.1,1.5571324899743928
S00244,TreatA,WT,B2,8,0.1,1.4119551887033603
S00784,TreatC,WT,B2,4,0.1,1.39214195677782
S00088,Ctrl,WT,B1,0,0.0,0.01876818615585586
S00215,Ctrl,KO,B3,0,0.3,-0.4070780577198007
S00931,TreatC,KO,B1,1,0.3,1.981607192926686
S00174,Ctrl,KO,B1,2,3.0,0.5439305720977595
S00426,TreatA,KO,B3,1,0.0,0.3446848762138981
S00738,TreatC,WT,B2,0,1.0,1.0822779700827772
S00119,Ctrl,WT,B2,4,1.0,0.7544823421916671
S00120,Ctrl,WT,B2,1,0.1,-0.07680967130826422
S00903,TreatC,KO,B2,1,1.0,1.9648749396682115
S00001,Ctrl,WT,B2,8,1.0,0.22999639819250012
S00395,TreatA,KO,B2,1,0.1,1.2099160413501653
S00402,TreatA,KO,B1,1,0.1,0.151207511099547
S00405,TreatA,KO,B3,4,1.0,1.5059934342063916
S00586,TreatB,WT,B1,1,0.1,1.1350117214473348
S00593,TreatB,WT,B2,4,0.0,1.1079320509107586
S00163,Ctrl,KO,B2,1,1.0,1.0120201493405796
S00115,Ctrl,WT,B2,1,0.3,0.3007284699677143
S00151,Ctrl,KO,B1,0,0.0,0.6790593448226654
S00559,TreatB,WT,B2,2,3.0,3.3116239658467688
S00917,TreatC,KO,B3,0,1.0,1.7418000555855362
S00369,TreatA,KO,B2,4,3.0,2.186638159599376
S00544,TreatB,WT,B3,0,3.0,1.8416199508814688
S00478,TreatA,KO,B3,8,1.0,0.9617393880215646
S00533,TreatB,WT,B1,0,0.3,1.5032055668247233
S00937,TreatC,KO,B1,1,0.3,2.470190913079169
S00750,TreatC,WT,B1,2,0.0,1.4405668628897426
S00910,TreatC,KO,B1,1,0.3,2.2625873167231396
S00259,TreatA,WT,B1,8,0.0,0.39096733885021334
S00806,TreatC,WT,B3,2,0.3,1.3646844348646205
S00136,Ctrl,KO,B2,4,1.0,0.3207017558758757
S00882,TreatC,KO,B2,2,0.1,2.3951032378550736
S00604,TreatB,KO,B2,1,0.1,1.4700419031761576
S00891,TreatC,KO,B2,0,0.1,1.7453995811259302
S00502,TreatB,WT,B1,4,0.3,1.6537116649148307
S00539,TreatB,WT,B1,1,0.3,1.29009714309319
S00810,TreatC,WT,B3,2,0.0,1.5470424148299542
S00344,TreatA,WT,B3,8,0.3,-0.16488097474739927
S00643,TreatB,KO,B3,4,0.1,0.34549751121997474
S00592,TreatB,WT,B1,1,3.0,1.7082403138944782
S00294,TreatA,WT,B3,1,0.0,0.6063969856406036
S00365,TreatA,KO,B1,2,0.0,1.186132183046646
S00598,TreatB,WT,B1,1,0.3,1.899785146300757
S00015,Ctrl,WT,B1,8,0.3,0.012937808192280631
S00087,Ctrl,WT,B3,8,0.0,-0.012749814742674961
S00371,TreatA,KO,B1,1,3.0,2.3483727242949732
S00166,Ctrl,KO,B1,0,0.3,0.5833062997268902
S00839,TreatC,WT,B3,4,0.3,1.636575678242266
S00336,TreatA,WT,B2,2,0.0,-0.5324589718421578
S00060,Ctrl,WT,B1,2,3.0,
S00355,TreatA,WT,B1,2,0.1,1.1209031929154514
S00425,TreatA,KO,B1,8,0.0,0.8216043911971768
S00293,TreatA,WT,B1,4,0.0,0.16763371245448466
S00042,Ctrl,WT,B2,2,1.0,0.25845009326911617
S00330,TreatA,WT,B2,2,1.0,0.6937471872804859
S00430,TreatA,KO,B3,0,0.0,0.6311892528647104
S00080,Ctrl,WT,B1,0,1.0,-0.4118701359891481
S00029,Ctrl,WT,B3,0,1.0,-0.26953332047572376
S00255,TreatA,WT,B2,1,1.0,1.317980832238849
S00715,TreatB,KO,B1,4,0.3,1.5359801018834243
S00459,TreatA,KO,B1,8,3.0,2.3803500824330808
S00384,TreatA,KO,B2,0,0.0,0.45152673534891796
S00314,TreatA,WT,B3,0,0.1,0.7085615886175589
S00085,Ctrl,WT,B2,0,0.1,-0.29039882277531964
S00575,TreatB,WT,B1,4,0.0,2.3259224300974823
S00137,Ctrl,KO,B1,2,0.3,0.4466377139033442
S00112,Ctrl,WT,B3,4,0.3,0.5540098316742333
S00195,Ctrl,KO,B3,0,1.0,0.6764116925288235
S00179,Ctrl,KO,B2,1,0.1,0.8355508867874679
S00843,TreatC,KO,B1,4,3.0,2.3274105992283913
S00497,TreatB,WT,B1,1,0.3,1.5600551794620157
S00130,Ctrl,KO,B1,4,0.1,0.4986507101520582
S00338,TreatA,WT,B3,1,0.0,1.5132025818944972
S00125,Ctrl,KO,B2,1,0.1,0.9823421069196343
S00911,TreatC,KO,B2,8,0.3,2.0364849808008714
S00227,Ctrl,KO,B1,8,0.0,0.5162768529263465
S00269,TreatA,WT,B1,8,0.1,0.39810998951007615
S00926,TreatC,KO,B1,1,0.1,1.3768035883078216
S00948,TreatC,KO,B1,1,0.1,1.1532945145729732
S00104,Ctrl,WT,B2,4,1.0,1.190210329179188
S00594,TreatB,WT,B3,8,0.1,1.459139246507076
S00848,TreatC,KO,B2,4,0.0,2.3910269205036148
S00625,TreatB,KO,B1,8,3.0,1.2966903488987755
S00228,Ctrl,KO,B2,4,1.0,1.2328908214468208
S00841,TreatC,KO,B1,8,1.0,1.9349270497063333
S00302,TreatA,WT,B1,0,0.1,-0.3374672860277733
S00276,TreatA,WT,B1,4,0.1,0.6732608034260885
S00127,Ctrl,KO,B1,2,0.0,0.9060541990370221
S00406,TreatA,KO,B2,1,0.1,0.1417491704648195
S00847,TreatC,KO,B3,1,3.0,2.344948015056328
S00037,Ctrl,WT,B3,0,0.1,-0.1116192697598579
S00140,Ctrl,KO,B1,0,0.3,0.5972233140129416
S00304,TreatA,WT,B3,4,3.0,1.62504522511508
S00268,TreatA,WT,B2,8,0.3,0.47921099469173156
S00534,TreatB,WT,B1,1,1.0,1.6764681326083704
S00546,TreatB,WT,B1,8,3.0,2.054429870271038
S00213,Ctrl,KO,B3,1,0.1,-0.07723343013824124
S00469,TreatA,KO,B1,0,0.0,1.4973005861335098
S00199,Ctrl,KO,B1,2,0.3,0.27956548128519654
S00528,TreatB,WT,B3,2,0.3,0.9070440473975985
S00756,TreatC,WT,B2,2,1.0,0.9649674515702064
S00242,TreatA,WT,B1,2,0.1,0.519858213824212
S00343,TreatA,WT,B3,4,0.0,0.2523518010559919
S00550,TreatB,WT,B2,0,0.1,1.5091662656538718
S00387,TreatA,KO,B3,2,0.1,1.0749902096725323
S00818,TreatC,WT,B1,1,1.0,1.1709360321879272
S00207,Ctrl,KO,B1,1,0.1,0.3464794923303697
S00296,TreatA,WT,B2,4,3.0,1.940087649192738
S00734,TreatC,WT,B2,2,0.0,0.46726878617096257
S00074,Ctrl,WT,B2,4,3.0,1.2192733191409109
S00831,TreatC,WT,B2,1,0.0,2.5861375736537524
S00105,Ctrl,WT,B2,1,0.3,0.2135918298031758
S00676,TreatB,KO,B2,1,1.0,6.005673504991735
S00915,TreatC,KO,B1,2,0.3,1.6084579979407794
S00017,Ctrl,WT,B1,2,0.0,0.6032388864478081
S00440,TreatA,KO,B1,2,0.0,0.6867995939653047
S00092,Ctrl,WT,B1,4,3.0,0.9017112816002918
S00089,Ctrl,WT,B1,0,3.0,0.12164979773402185
S00451,TreatA,KO,B1,0,3.0,1.5147015126102654
S00103,Ctrl,WT,B2,4,3.0,0.36648005425762775
S00239,Ctrl,KO,B2,1,0.3,1.2330930160825204
S00858,TreatC,KO,B2,0,0.0,1.7384300951798428
S00247,TreatA,WT,B1,1,0.0,0.614180001590014
S00680,TreatB,KO,B1,4,1.0,
S00158,Ctrl,KO,B2,8,0.0,0.8164312418227088
S00480,TreatA,KO,B1,2,1.0,1.6292027550038954
S00646,TreatB,KO,B1,2,0.1,1.7962161896537148
S00897,TreatC,KO,B3,8,3.0,2.6128135232303786
S00783,TreatC,WT,B1,8,0.1,1.580772867071474
S00019,Ctrl,WT,B2,0,1.0,0.7652165147032159
S00673,TreatB,KO,B2,2,1.0,1.0436555383054822
S00122,Ctrl,KO,B1,2,3.0,1.054227719128932
S00795,TreatC,WT,B3,4,0.1,1.2759889667763105
S00672,TreatB,KO,B2,4,1.0,3.039106624635709
S00275,TreatA,WT,B3,0,3.0,0.8636991835338311
S00434,TreatA,KO,B1,1,1.0,1.8577246330975383
S00854,TreatC,KO,B3,1,0.0,1.8972705722158916
S00312,TreatA,WT,B2,2,0.0,1.5296824665407467
S00724,TreatC,WT,B1,4,1.0,1.3762955820451088
S00794,TreatC,WT,B1,0,1.0,2.2015960311873135
S00547,TreatB,WT,B3,1,0.0,1.2530148638981986
S00182,Ctrl,KO,B3,8,0.0,0.7328847015176415
S00185,Ctrl,KO,B2,0,0.1,1.448648961597319
S00407,TreatA,KO,B1,0,1.0,0.35870345640480983
S00607,TreatB,KO,B2,2,0.3,1.9089799802922436
S00521,TreatB,WT,B3,1,1.0,1.7501602841563317
S00381,TreatA,KO,B1,4,1.0,1.7779170669188724
S00411,TreatA,KO,B2,4,0.0,0.028503300187799452
S00635,TreatB,KO,B2,2,3.0,0.8286227459703874
S00370,TreatA,KO,B1,2,0.0,1.8325487507213376
S00916,TreatC,KO,B2,4,0.3,2.702650900979091
S00792,TreatC,WT,B2,4,0.0,1.1964278334652891
S00719,TreatB,KO,B3,4,0.0,1.9179497034710518
S00079,Ctrl,WT,B2,1,1.0,0.3337947728143011
S00574,TreatB,WT,B2,4,0.0,0.6763843161836453
S00638,TreatB,KO,B3,1,0.1,2.532409747526737
S00608,TreatB,KO,B3,0,1.0,0.9095275866291728
S00757,TreatC,WT,B1,4,0.1,0.006245332697326411
S00941,TreatC,KO,B3,1,3.0,2.8469967986646165
S00790,TreatC,WT,B1,4,1.0,0.8781158246583676
S00880,TreatC,KO,B2,1,0.0,2.8564129998291383
S00417,TreatA,KO,B2,1,0.0,1.257266101040225
S00708,TreatB,KO,B2,4,0.3,2.199157290237246
S00562,TreatB,WT,B1,2,0.0,0.7343231021822525
S00068,Ctrl,WT,B3,2,0.0,-0.5840838866824086
S00537,TreatB,WT,B1,8,3.0,1.9707392280226568
S00078,Ctrl,WT,B3,2,0.1,-0.11017270769242846
S00106,Ctrl,WT,B1,4,0.0,0.8431449694316036
S00955,TreatC,KO,B3,2,0.1,1.5388268595945198
S00743,TreatC,WT,B1,1,0.1,1.139650998619187
S00639,TreatB,KO,B3,2,0.3,1.266800154826047
S00560,TreatB,WT,B2,4,0.1,0.664241405763869
S00726,TreatC,WT,B1,0,0.1,2.6417503936221847
S00691,TreatB,KO,B2,4,0.0,0.8970138610931546
S00826,TreatC,WT,B1,0,0.1,2.2567806084693443
S00892,TreatC,KO,B3,8,0.3,1.7250038678286386
S00909,TreatC,KO,B1,2,0.0,1.0481623398236535
S00741,TreatC,WT,B1,8,0.0,1.1220629692718476
S00491,TreatB,WT,B1,0,0.3,0.46296298463906593
S00946,TreatC,KO,B2,4,0.3,2.1830133452795644
S00803,TreatC,WT,B2,8,1.0,2.94364440771763
S00606,TreatB,KO,B1,2,0.3,1.510866284227553
S00364,TreatA,KO,B1,2,3.0,1.9180502697540276
S00070,Ctrl,WT,B2,4,1.0,0.7541440237926993
S00549,TreatB,WT,B1,4,0.0,0.5373742196266176
S00161,Ctrl,KO,B2,4,0.1,1.3476867375895913
S00012,Ctrl,WT,B2,0,0.3,0.3449171665213884
S00145,Ctrl,KO,B3,1,3.0,0.9172656168495832
S00518,TreatB,WT,B1,0,1.0,1.014230090783592
S00428,TreatA,KO,B2,2,0.3,1.1119312114348539
S00640,TreatB,KO,B1,8,1.0,2.8515032658172634
S00177,Ctrl,KO,B2,2,0.0,1.7274266078389617
S00441,TreatA,KO,B2,1,1.0,1.3348587114354435
S00522,TreatB,WT,B2,1,0.3,1.334736577957874
S00829,TreatC,WT,B2,1,1.0,2.0888599831988053
S00939,TreatC,KO,B1,2,0.1,1.08445597005375
S00689,TreatB,KO,B2,8,0.3,1.3000898424868237
S00232,Ctrl,KO,B2,2,3.0,1.1787127195568883
S00211,Ctrl,KO,B2,1,0.1,1.7704229099372752
S00641,TreatB,KO,B3,2,0.0,2.7707821990270185
S00144,Ctrl,KO,B2,0,1.0,0.12354064914254348
S00520,TreatB,WT,B2,8,0.0,0.9877170603974235
S00952,TreatC,KO,B2,4,0.3,2.1746918375094286
S00299,TreatA,WT,B1,2,0.1,0.6128758907176234
S00429,TreatA,KO,B1,1,0.1,-0.06845965846325708
S00613,TreatB,KO,B2,0,1.0,2.0154015176217537
S00884,TreatC,KO,B1,1,0.1,1.797919326131661
S00009,Ctrl,WT,B1,4,0.0,-0.2346355709046254
S00157,Ctrl,KO,B3,0,0.3,0.6356479211895738
S00540,TreatB,WT,B1,8,0.1,-0.4845023830941355
S00507,TreatB,WT,B3,0,0.0,-0.3768839521971644
S00437,TreatA,KO,B3,8,3.0,1.9444655419426864
S00267,TreatA,WT,B3,0,0.3,-0.09015438127396203
S00462,TreatA,KO,B1,4,0.3,2.4082490037090443
S00577,TreatB,WT,B2,4,1.0,1.64301794953127
S00339,TreatA,WT,B1,8,0.0,1.2439381274338381
S00256,TreatA,WT,B1,2,3.0,2.1362300327301527
S00767,TreatC,WT,B2,2,3.0,1.8077716235005592
S00809,TreatC,WT,B3,1,3.0,1.8410149027276197
S00666,TreatB,KO,B2,0,3.0,1.3296616545237656
S00561,TreatB,WT,B2,8,0.1,2.561168297334402
S00209,Ctrl,KO,B1,0,1.0,0.6146308236294663
S00288,TreatA,WT,B1,2,0.3,0.41482817196582666
S00002,Ctrl,WT,B1,8,0.0,0.7788748266864377
S00342,TreatA,WT,B1,2,0.1,0.9506314067180053
S00270,TreatA,WT,B2,8,3.0,1.2342249166391799
S00266,TreatA,WT,B3,4,0.1,1.1536604397422434
S00776,TreatC,WT,B3,1,0.0,1.4009621780558612
S00782,TreatC,WT,B1,0,0.3,1.8335109266649328
S00096,Ctrl,WT,B2,0,0.0,-0.3767481886364491
S00921,TreatC,KO,B1,1,0.1,1.5653185099906692
S00043,Ctrl,WT,B3,2,0.3,0.161245667983048
S00766,TreatC,WT,B1,0,1.0,2.240231867611785
S00950,TreatC,KO,B1,1,0.1,1.5330545252353422
S00793,TreatC,WT,B1,1,0.0,0.5570292456808753
S00629,TreatB,KO,B3,4,1.0,6.167256645281376
S00046,Ctrl,WT,B3,8,0.3,-0.011596615506924424
S00162,Ctrl,KO,B2,1,0.0,0.9093793502880947
S00728,TreatC,WT,B3,4,0.3,1.1277812708744706
S00630,TreatB,KO,B1,4,3.0,2.0051699904552462
S00289,TreatA,WT,B1,2,0.3,0.8079663472478675
S00590,TreatB,WT,B3,4,0.0,1.7535340034596176
S00851,TreatC,KO,B3,1,0.0,0.9673963925250543
S00906,TreatC,KO,B3,0,0.0,1.781756727000042
S00576,TreatB,WT,B1,1,3.0,1.5149579731036047
S00316,TreatA,WT,B1,4,3.0,1.1659127118112003
S00231,Ctrl,KO,B2,0,0.1,-0.03591067110002133
S00699,TreatB,KO,B3,0,0.3,1.6085156482146645
S00786,TreatC,WT,B1,4,0.1,2.901536761868261
S00712,TreatB,KO,B1,2,0.0,2.0398271943907895
S00077,Ctrl,WT,B2,1,0.1,-0.02257740670760311
S00634,TreatB,KO,B3,1,0.0,1.8402502149565394
S00925,TreatC,KO,B1,0,0.1,1.8203636724337064
S00248,TreatA,WT,B2,0,1.0,0.5069368749349411
S00477,TreatA,KO,B2,1,0.3,0.7658116522562779
S00671,TreatB,KO,B1,4,0.0,3.0703065696193708
S00086,Ctrl,WT,B2,2,0.0,0.923850084795712
S00470,TreatA,KO,B1,4,0.1,1.6773536916831278
S00226,Ctrl,KO,B3,4,0.3,0.3948982213446498
S00775,TreatC,WT,B1,2,0.1,1.1487433550064876
S00332,TreatA,WT,B3,0,1.0,0.8978730639527703
S00234,Ctrl,KO,B1,0,3.0,1.261579333156694
S00589,TreatB,WT,B3,2,0.0,0.9067207806761826
S00476,TreatA,KO,B2,4,3.0,1.567192938094072
S00849,TreatC,KO,B3,8,0.0,1.7532124958474322
S00830,TreatC,WT,B1,4,3.0,3.02746418202015
S00600,TreatB,WT,B3,8,0.1,1.0255440392333577
S00422,TreatA,KO,B1,1,0.1,-0.07785375978351605
S00688,TreatB,KO,B2,4,0.1,2.2664263144510755
S00183,Ctrl,KO,B1,2,3.0,0.6108350599539611
S00618,TreatB,KO,B2,1,0.0,1.5233274790457239
S00333,TreatA,WT,B2,1,0.1,-0.03896139210995264
S00439,TreatA,KO,B3,0,0.1,0.5033540110162118
S00050,Ctrl,WT,B1,8,0.3,0.7316083841057361
S00006,Ctrl,WT,B1,0,0.3,0.2632768164276925
S00530,TreatB,WT,B2,1,0.0,2.425427957700049
S00235,Ctrl,KO,B1,2,0.3,1.0454299342610074
S00487,TreatB,WT,B2,0,1.0,2.791350898753895
S00863,TreatC,KO,B3,0,0.0,0.2564673738926382
S00498,TreatB,WT,B3,1,0.0,
S00857,TreatC,KO,B1,1,3.0,3.3707057107573672
S00107,Ctrl,WT,B2,2,1.0,0.3705835255947786
S00444,TreatA,KO,B1,8,1.0,0.5159656707562282
S00489,TreatB,WT,B3,2,0.1,0.5075761526752497
S00647,TreatB,KO,B1,0,1.0,1.079957658059369
S00013,Ctrl,WT,B3,1,0.3,-0.4430203765446281
S00739,TreatC,WT,B3,0,3.0,1.5552234165699883
S00727,TreatC,WT,B1,2,3.0,2.7010294319079624
S00191,Ctrl,KO,B1,0,0.1,0.382462738684412
S00902,TreatC,KO,B1,0,1.0,0.5972478680021944
S00283,TreatA,WT,B1,1,0.3,0.7703769959811617
S00030,Ctrl,WT,B1,2,1.0,0.4796094032121073
S00170,Ctrl,KO,B3,8,0.0,0.5242625843675984
S00181,Ctrl,KO,B3,0,0.0,-0.07352584342661414
S00101,Ctrl,WT,B1,2,0.0,-0.6920206396637847
S00198,Ctrl,KO,B3,0,3.0,1.3844061375661192
S00496,TreatB,WT,B1,0,0.1,0.9592206531890939
S00722,TreatC,WT,B1,2,0.1,0.1598791807099793
S00648,TreatB,KO,B2,8,0.3,0.9997690323566437
S00930,TreatC,KO,B2,8,1.0,1.7570224011878302
S00889,TreatC,KO,B3,2,0.1,1.3576262954314111
S00711,TreatB,KO,B2,0,0.0,1.2139339864951204
S00374,TreatA,KO,B1,1,0.3,0.7673219041033392
S00679,TreatB,KO,B3,0,0.3,0.66916640089323
S00844,TreatC,KO,B1,0,0.3,1.570262891622507
S00649,TreatB,KO,B3,8,0.0,1.3529887997439418
S00798,TreatC,WT,B1,1,3.0,2.1989439518494596
S00461,TreatA,KO,B3,4,0.3,1.2879577236553743
S00414,TreatA,KO,B2,1,0.1,2.102257043814067
S00132,Ctrl,KO,B1,8,0.1,0.2386604263405966
S00040,Ctrl,WT,B1,1,0.0,0.7997776714049892
S00435,TreatA,KO,B1,8,0.1,1.8352065653948442
S00216,Ctrl,KO,B2,1,0.1,0.5777353749401182
S00556,TreatB,WT,B1,0,0.1,0.6782914868319853
S00567,TreatB,WT,B1,0,1.0,0.14075051940353922
S00763,TreatC,WT,B2,1,0.0,1.0635725643757596
S00475,TreatA,KO,B3,4,3.0,
S00457,TreatA,KO,B1,0,0.1,0.442574906467195
S00812,TreatC,WT,B1,2,0.1,1.3692841645094576
S00261,TreatA,WT,B1,2,0.3,0.3166665448100475
S00817,TreatC,WT,B2,2,3.0,2.3718507092259977
S00036,Ctrl,WT,B2,2,3.0,0.38747432211076915
S00828,TreatC,WT,B1,0,1.0,2.2541849136638845
S00310,TreatA,WT,B2,4,0.0,1.1998738387437
S00277,TreatA,WT,B1,0,1.0,0.5262550212372151
S00637,TreatB,KO,B3,1,0.3,1.5370243586180803
S00655,TreatB,KO,B2,4,0.3,2.566300182406305
S00623,TreatB,KO,B2,4,0.3,1.8114179434559239
S00836,TreatC,WT,B1,4,0.1,1.7748772418642802
S00845,TreatC,KO,B3,1,0.3,1.728763623443206
S00394,TreatA,KO,B3,8,3.0,0.8504042728753779
S00898,TreatC,KO,B1,2,3.0,3.082543390269683
S00108,Ctrl,WT,B2,0,0.3,0.44296487208973506
S00904,TreatC,KO,B2,4,3.0,2.6203459504628595
S00525,TreatB,WT,B1,2,1.0,0.6673522758759537
S00785,TreatC,WT,B1,1,3.0,2.292544955513972
S00048,Ctrl,WT,B1,1,0.3,-0.0569474976062363
S00204,Ctrl,KO,B1,4,0.3,0.9335781493563007
S00886,TreatC,KO,B3,1,1.0,1.6418679861490608
S00632,TreatB,KO,B2,2,1.0,2.5775339497265293
S00022,Ctrl,WT,B2,2,0.1,0.09599757093780814
S00403,TreatA,KO,B2,1,1.0,1.6647430188543102
S00084,Ctrl,WT,B3,1,1.0,0.16914224566207312
S00131,Ctrl,KO,B1,2,0.3,0.5616938172605779
S00416,TreatA,KO,B1,0,3.0,1.0124582442399892
S00842,TreatC,KO,B3,8,3.0,2.319758084506563
S00742,TreatC,WT,B2,1,0.0,1.1192373940964335
S00698,TreatB,KO,B3,0,0.0,0.30302942319622117
S00287,TreatA,WT,B3,2,0.0,0.2290840704637495
S00124,Ctrl,KO,B2,0,3.0,0.4372654253867124
S00034,Ctrl,WT,B1,8,0.1,0.8822663243549207
S00932,TreatC,KO,B1,8,0.3,1.0770099803368676
S00517,TreatB,WT,B2,0,0.1,0.8085898754542522
S00020,Ctrl,WT,B3,2,0.0,0.6734772132987208
S00887,TreatC,KO,B1,0,1.0,1.646970475647762
S00220,Ctrl,KO,B1,8,3.0,0.9941781190835636
S00956,TreatC,KO,B3,1,1.0,1.3696917426921482
S00482,TreatB,WT,B3,1,0.1,1.508586177538511
S00357,TreatA,WT,B1,2,0.0,0.5939131954557217
S00662,TreatB,KO,B2,8,0.1,4.7438044693481745
S00225,Ctrl,KO,B2,0,0.1,0.7648135550050441
S00760,TreatC,WT,B2,8,0.1,1.6987163568916983
S00093,Ctrl,WT,B1,0,3.0,-0.3694365648365533
S00152,Ctrl,KO,B1,2,3.0,0.8052265535335645
S00938,TreatC,KO,B2,4,3.0,2.119466337442901
S00318,TreatA,WT,B2,8,1.0,1.3469672312594754
S00449,TreatA,KO,B3,0,0.3,0.7297901519739907
S00804,TreatC,WT,B2,2,0.0,1.727432173488074
S00746,TreatC,WT,B2,4,0.1,2.387796513174779
S00523,TreatB,WT,B1,2,0.0,0.24694520265415754
S00280,TreatA,WT,B3,2,1.0,2.222640793424992
S00584,TreatB,WT,B2,4,1.0,1.135290216069743
S00765,TreatC,WT,B3,1,0.3,1.5528874350477886
S00605,TreatB,KO,B1,2,0.0,1.1970366630185607
S00350,TreatA,WT,B1,0,0.3,-0.20382547186343136
S00375,TreatA,KO,B2,4,0.0,1.9328737922883539
S00401,TreatA,KO,B1,2,0.1,1.4451756201717947
S00705,TreatB,KO,B1,1,0.3,1.0448565406179262
S00258,TreatA,WT,B2,8,1.0,0.272270257090546
S00852,TreatC,KO,B2,2,1.0,1.676843687951867
S00073,Ctrl,WT,B3,0,0.0,-0.34986156839364124
S00196,Ctrl,KO,B1,8,1.0,0.8679983784317084
S00484,TreatB,WT,B2,4,0.1,1.1677874599524427
S00856,TreatC,KO,B2,4,0.3,2.321984790128896
S00138,Ctrl,KO,B2,4,0.0,0.5576441459536252
S00495,TreatB,WT,B3,1,1.0,1.1711106771685795
S00773,TreatC,WT,B1,4,1.0,1.7405317701896013
S00551,TreatB,WT,B3,8,0.0,0.9245573243531169
S00463,TreatA,KO,B2,2,0.3,5.86835928333396
S00202,Ctrl,KO,B3,1,0.3,0.1064160439166672
S00313,TreatA,WT,B3,0,0.3,1.3092065382197347
S00291,TreatA,WT,B3,1,0.0,0.2849957853243852
S00190,Ctrl,KO,B1,2,0.1,1.090427039721521
S00764,TreatC,WT,B2,8,0.0,2.2185010515513715
S00113,Ctrl,WT,B2,4,1.0,0.7576656895727285
S00184,Ctrl,KO,B1,2,0.3,-0.46018759271829823
S00153,Ctrl,KO,B3,4,3.0,1.1466260548571476
S00825,TreatC,WT,B1,1,3.0,2.280381407109875
S00326,TreatA,WT,B1,2,1.0,1.466688742806291
S00704,TreatB,KO,B2,4,0.0,1.2170500507993314
S00045,Ctrl,WT,B3,4,0.0,-0.19944208404758584
S00445,TreatA,KO,B2,1,3.0,2.2749715553204095
S00788,TreatC,WT,B1,1,3.0,1.1738751561290997
S00007,Ctrl,WT,B1,2,0.3,-0.013314965079610885
S00251,TreatA,WT,B2,2,0.0,0.7627732163452727
S00824,TreatC,WT,B3,2,1.0,0.4699361282553869
S00076,Ctrl,WT,B1,4,1.0,1.1140630726448038
S00513,TreatB,WT,B2,4,0.1,0.2658770666288661
S00392,TreatA,KO,B2,1,1.0,2.2564724994131513
S00896,TreatC,KO,B2,8,0.1,2.4563710819812137
S00433,TreatA,KO,B2,2,0.0,1.84420879120203
S00069,Ctrl,WT,B3,1,1.0,1.035323773626587
S00168,Ctrl,KO,B2,0,0.0,0.5962070531265561
S00905,TreatC,KO,B2,0,1.0,1.5112464524995564
S00731,TreatC,WT,B1,4,0.0,2.1367798335080197
S00555,TreatB,WT,B2,2,0.1,0.26670789273612594
S00367,TreatA,KO,B2,2,0.0,0.6803445799187325
S00346,TreatA,WT,B1,4,3.0,5.771420586135996
S00585,TreatB,WT,B3,4,3.0,1.307730072005213
S00536,TreatB,WT,B2,4,0.1,1.918670961943569
S00399,TreatA,KO,B1,8,1.0,1.3694414923722287
S00186,Ctrl,KO,B3,0,1.0,0.01187774304285627
S00349,TreatA,WT,B2,1,0.1,1.1691233020659684
S00616,TreatB,KO,B3,1,0.3,1.015683220984919
S00920,TreatC,KO,B1,2,3.0,2.9707117033066317
S00212,Ctrl,KO,B2,0,1.0,1.1579325042425497
S00580,TreatB,WT,B3,2,0.0,1.4450345987058029
S00503,TreatB,WT,B1,8,0.1,0.730000450838946
S00538,TreatB,WT,B3,2,1.0,0.9528386536030684
S00197,Ctrl,KO,B3,0,0.0,-0.0515637629676918
S00176,Ctrl,KO,B2,4,0.3,1.0851967940489091
